Datetime,Open,High,Low,Close
2021-11-01 00:00:00+00:00,15761.825,15785.015000000003,15755.25,15770.505
2021-11-01 00:30:00+00:00,15771.02,15779.52,15768.564999999999,15770.995
2021-11-01 01:00:00+00:00,15770.754,15771.059999999998,15745.48,15749.51
2021-11-01 01:30:00+00:00,15749.314000000002,15758.015,15743.0,15751.995
2021-11-01 02:00:00+00:00,15751.769,15757.505,15746.495,15753.005
2021-11-01 02:30:00+00:00,15753.484999999997,15756.0,15742.925,15751.98
2021-11-01 03:00:00+00:00,15754.005,15756.005,15748.99,15751.484999999997
2021-11-01 03:30:00+00:00,15751.484999999997,15755.0,15746.51,15747.01
2021-11-01 04:00:00+00:00,15748.005,15754.064999999999,15746.005,15750.95
2021-11-01 04:30:00+00:00,15751.5,15753.5,15746.48,15750.015
2021-11-01 05:00:00+00:00,15750.253999999997,15759.025,15750.253999999997,15758.075
2021-11-01 05:30:00+00:00,15758.51,15766.505,15746.005,15748.55
2021-11-01 06:00:00+00:00,15749.015000000003,15749.5,15729.99,15744.559999999998
2021-11-01 06:30:00+00:00,15745.059999999998,15745.495,15737.495,15742.51
2021-11-01 07:00:00+00:00,15741.244,15768.015000000003,15739.5,15748.51
2021-11-01 07:30:00+00:00,15749.075,15762.005,15738.005,15748.211
2021-11-01 08:00:00+00:00,15748.0,15825.575,15741.0,15811.505
2021-11-01 08:30:00+00:00,15811.747,15838.435000000001,15805.45,15834.490000000002
2021-11-01 09:00:00+00:00,15834.101,15850.51,15828.45,15839.505
2021-11-01 09:30:00+00:00,15838.731,15840.515000000003,15820.925,15830.005
2021-11-01 10:00:00+00:00,15829.741,15839.075,15820.984999999997,15820.985
2021-11-01 10:30:00+00:00,15820.201000000001,15829.995,15813.0,15818.015
2021-11-01 11:00:00+00:00,15818.564999999999,15824.51,15797.005,15810.564999999999
2021-11-01 11:30:00+00:00,15810.211,15811.009999999998,15793.984999999997,15808.054999999998
2021-11-01 12:00:00+00:00,15807.731,15811.064999999999,15785.570000000002,15788.935000000001
2021-11-01 12:30:00+00:00,15789.0,15793.064999999999,15779.925,15788.525
2021-11-01 13:00:00+00:00,15787.99,15790.064999999999,15772.52,15778.48
2021-11-01 13:30:00+00:00,15777.751,15794.564999999999,15758.505,15780.51
2021-11-01 14:00:00+00:00,15780.025,15790.505,15762.495,15787.054999999998
2021-11-01 14:30:00+00:00,15786.731,15796.570000000002,15781.429999999998,15796.570000000002
2021-11-01 15:00:00+00:00,15796.231,15821.984999999997,15796.0,15811.554999999998
2021-11-01 15:30:00+00:00,15811.99,15818.48,15802.505,15814.49
2021-11-01 16:00:00+00:00,15815.570000000002,15824.505,15811.429999999998,15822.995
2021-11-01 16:30:00+00:00,15821.95,15824.570000000002,15808.253999999997,15816.570000000002
2021-11-01 17:00:00+00:00,15817.01,15818.554999999998,15807.48,15809.98
2021-11-01 17:30:00+00:00,15809.739000000001,15814.570000000002,15804.495,15805.995
2021-11-01 18:00:00+00:00,15805.764000000001,15809.02,15791.505,15798.015
2021-11-01 18:30:00+00:00,15797.744,15807.495,15796.945000000002,15804.48
2021-11-01 19:00:00+00:00,15805.075,15812.564999999999,15803.5,15811.51
2021-11-01 19:30:00+00:00,15811.759,15833.495,15811.48,15830.059999999998
2021-11-01 20:00:00+00:00,15830.005,15830.005,15814.564999999999,15816.05
2021-11-01 20:30:00+00:00,15815.734,15823.505,15813.45,15822.5
2021-11-01 21:00:00+00:00,15821.739000000001,15821.739000000001,15821.739000000001,15821.739000000001
2021-11-01 23:00:00+00:00,15826.339000000002,15826.625,15812.35,15821.965
2021-11-01 23:30:00+00:00,15821.059999999998,15821.059999999998,15811.575,15811.62
2021-11-02 00:00:00+00:00,15812.41,15818.05,15801.0,15806.975
2021-11-02 00:30:00+00:00,15806.749,15814.515,15806.425,15811.98
2021-11-02 01:00:00+00:00,15812.973999999998,15825.02,15811.975,15813.01
2021-11-02 01:30:00+00:00,15813.45,15815.564999999999,15800.5,15800.995
2021-11-02 02:00:00+00:00,15801.52,15806.515,15797.495,15798.929999999998
2021-11-02 02:30:00+00:00,15798.764000000001,15799.005,15778.48,15782.005
2021-11-02 03:00:00+00:00,15782.505,15786.564999999999,15772.935000000001,15780.005
2021-11-02 03:30:00+00:00,15780.5,15787.075,15778.929999999998,15786.49
2021-11-02 04:00:00+00:00,15786.323999999999,15788.564999999999,15782.484999999997,15784.005
2021-11-02 04:30:00+00:00,15785.52,15786.52,15780.440000000002,15781.425
2021-11-02 05:00:00+00:00,15781.495,15784.570000000002,15778.48,15782.015
2021-11-02 05:30:00+00:00,15781.689000000002,15799.570000000002,15780.940000000002,15792.515
2021-11-02 06:00:00+00:00,15792.239000000001,15798.5,15784.945000000002,15789.505
2021-11-02 06:30:00+00:00,15789.173999999999,15801.51,15786.015000000003,15800.005
2021-11-02 07:00:00+00:00,15799.940000000002,15813.495,15793.485,15801.484999999997
2021-11-02 07:30:00+00:00,15802.0,15822.559999999998,15800.495,15818.975
2021-11-02 08:00:00+00:00,15819.897,15853.51,15814.0,15842.064999999999
2021-11-02 08:30:00+00:00,15842.509999999998,15878.570000000002,15834.731,15865.0
2021-11-02 09:00:00+00:00,15865.484999999997,15886.52,15853.01,15876.5
2021-11-02 09:30:00+00:00,15876.749,15881.575,15857.5,15877.02
2021-11-02 10:00:00+00:00,15877.5,15880.564999999999,15861.505,15877.52
2021-11-02 10:30:00+00:00,15878.425,15889.554999999998,15877.445000000002,15887.02
2021-11-02 11:00:00+00:00,15886.221,15890.297,15871.5,15885.02
2021-11-02 11:30:00+00:00,15884.751,15908.55,15884.485,15893.52
2021-11-02 12:00:00+00:00,15892.711,15914.05,15892.5,15910.929999999998
2021-11-02 12:30:00+00:00,15910.601,15918.505,15905.475,15914.505
2021-11-02 13:00:00+00:00,15915.5,15920.505,15900.475,15912.059999999998
2021-11-02 13:30:00+00:00,15912.429999999998,15963.495,15908.429999999998,15958.490000000002
2021-11-02 14:00:00+00:00,15957.711,15959.575,15932.425,15938.701000000001
2021-11-02 14:30:00+00:00,15938.49,15944.554999999998,15920.484999999997,15927.505
2021-11-02 15:00:00+00:00,15926.701000000001,15942.515,15924.751,15940.52
2021-11-02 15:30:00+00:00,15940.554999999998,15952.495,15934.564999999999,15936.45
2021-11-02 16:00:00+00:00,15935.751,15953.429999999998,15931.445000000002,15952.51
2021-11-02 16:30:00+00:00,15951.721,15960.554999999998,15945.0,15958.515000000003
2021-11-02 17:00:00+00:00,15958.98,15960.484999999997,15953.075,15953.495
2021-11-02 17:30:00+00:00,15953.234000000002,15954.575,15948.505,15952.509999999998
2021-11-02 18:00:00+00:00,15951.435000000001,15953.570000000002,15943.5,15946.005
2021-11-02 18:30:00+00:00,15946.429999999998,15953.570000000002,15943.49,15952.55
2021-11-02 19:00:00+00:00,15953.01,15955.575,15950.429999999998,15953.5
2021-11-02 19:30:00+00:00,15952.994,15957.559999999998,15945.51,15952.5
2021-11-02 20:00:00+00:00,15952.179,15954.55,15947.445000000002,15952.495
2021-11-02 20:30:00+00:00,15952.003999999997,15961.575,15951.51,15958.0
2021-11-02 21:00:00+00:00,15958.054999999998,15958.054999999998,15958.054999999998,15958.054999999998
2021-11-02 23:00:00+00:00,15951.175,15955.454999999998,15950.195000000002,15954.5
2021-11-02 23:30:00+00:00,15954.084000000003,15954.515000000003,15949.325,15951.159999999998
2021-11-03 00:00:00+00:00,15951.15,15951.15,15933.52,15940.01
2021-11-03 00:30:00+00:00,15940.99,15953.015000000003,15940.99,15952.935000000001
2021-11-03 01:00:00+00:00,15951.5,15972.49,15951.5,15971.5
2021-11-03 01:30:00+00:00,15972.005,15981.070000000002,15961.49,15961.990000000002
2021-11-03 02:00:00+00:00,15961.495,15961.495,15948.505,15956.015000000003
2021-11-03 02:30:00+00:00,15955.728999999998,15957.995,15948.995,15949.929999999998
2021-11-03 03:00:00+00:00,15949.823999999999,15952.015,15948.55,15949.015
2021-11-03 03:30:00+00:00,15948.939999999999,15948.939999999999,15944.0,15946.48
2021-11-03 04:00:00+00:00,15947.0,15948.5,15943.485,15943.485
2021-11-03 04:30:00+00:00,15944.0,15944.564999999999,15940.515000000003,15942.425
2021-11-03 05:00:00+00:00,15943.05,15947.075,15936.929999999998,15943.484999999997
2021-11-03 05:30:00+00:00,15943.069,15944.509999999998,15937.935000000001,15941.440000000002
2021-11-03 06:00:00+00:00,15941.244,15958.495,15939.51,15955.52
2021-11-03 06:30:00+00:00,15955.98,15956.495,15937.429999999998,15946.55
2021-11-03 07:00:00+00:00,15946.314000000002,15949.554999999998,15929.5,15933.505
2021-11-03 07:30:00+00:00,15934.559999999998,15953.070000000002,15924.484999999997,15947.02
2021-11-03 08:00:00+00:00,15946.721,15966.515,15936.495,15956.99
2021-11-03 08:30:00+00:00,15956.490000000002,15957.525,15930.484999999997,15943.929999999998
2021-11-03 09:00:00+00:00,15943.701000000001,15951.995,15935.429999999998,15937.559999999998
2021-11-03 09:30:00+00:00,15938.005,15949.554999999998,15936.425,15947.484999999997
2021-11-03 10:00:00+00:00,15946.940000000002,15961.559999999998,15943.425,15948.515
2021-11-03 10:30:00+00:00,15948.505,15952.059999999998,15942.425,15949.0
2021-11-03 11:00:00+00:00,15948.701000000001,15956.564999999999,15941.48,15956.5
2021-11-03 11:30:00+00:00,15957.485,15972.564999999999,15954.49,15964.495
2021-11-03 12:00:00+00:00,15965.059999999998,15970.564999999999,15949.48,15950.55
2021-11-03 12:30:00+00:00,15951.440000000002,15951.525,15938.435000000001,15941.515000000003
2021-11-03 13:00:00+00:00,15942.515000000003,15956.570000000002,15936.5,15949.515
2021-11-03 13:30:00+00:00,15948.711,15949.570000000002,15929.505,15940.01
2021-11-03 14:00:00+00:00,15940.995,15945.559999999998,15928.49,15938.48
2021-11-03 14:30:00+00:00,15937.55,15954.505,15933.49,15952.485
2021-11-03 15:00:00+00:00,15951.505,15952.575,15923.575,15923.575
2021-11-03 15:30:00+00:00,15922.701000000001,15950.564999999999,15920.425,15949.495
2021-11-03 16:00:00+00:00,15948.721,15959.075,15946.425,15958.525
2021-11-03 16:30:00+00:00,15959.48,15964.509999999998,15953.495,15956.425
2021-11-03 17:00:00+00:00,15957.0,15959.525,15952.484999999997,15956.515000000003
2021-11-03 17:30:00+00:00,15955.48,15959.51,15946.925,15948.5
2021-11-03 18:00:00+00:00,15948.575,15980.554999999998,15947.49,15972.925
2021-11-03 18:30:00+00:00,15973.01,16006.484999999997,15970.435000000001,16003.99
2021-11-03 19:00:00+00:00,16003.5,16021.515000000003,16003.025,16021.515000000003
2021-11-03 19:30:00+00:00,16021.754,16028.995,16017.48,16027.484999999997
2021-11-03 20:00:00+00:00,16027.484999999997,16030.554999999998,16021.5,16027.515
2021-11-03 20:30:00+00:00,16027.505,16032.48,16021.48,16031.485
2021-11-03 23:00:00+00:00,16045.625,16062.09,16045.625,16055.6
2021-11-03 23:30:00+00:00,16055.864000000001,16062.449499999999,16051.284999999998,16061.62
2021-11-04 00:00:00+00:00,16061.6,16061.6,16035.495,16037.0
2021-11-04 00:30:00+00:00,16037.005,16037.55,16026.505,16030.0
2021-11-04 01:00:00+00:00,16031.075,16031.075,16024.98,16029.005
2021-11-04 01:30:00+00:00,16029.323999999999,16029.509999999998,16016.425,16018.01
2021-11-04 02:00:00+00:00,16017.995,16025.564999999999,16017.0,16023.505
2021-11-04 02:30:00+00:00,16023.739000000001,16028.52,16022.429999999998,16027.575
2021-11-04 03:00:00+00:00,16027.249,16029.564999999999,16025.429999999998,16026.005
2021-11-04 03:30:00+00:00,16026.054999999998,16027.01,16021.45,16022.940000000002
2021-11-04 04:00:00+00:00,16023.753999999997,16029.564999999999,16023.753999999997,16028.925
2021-11-04 04:30:00+00:00,16029.0,16031.505,16025.445000000002,16028.525
2021-11-04 05:00:00+00:00,16028.515000000003,16032.52,16026.49,16029.0
2021-11-04 05:30:00+00:00,16029.475,16032.5,16023.505,16024.995
2021-11-04 06:00:00+00:00,16025.015,16050.005,16023.425,16049.484999999997
2021-11-04 06:30:00+00:00,16049.525,16060.505,16045.975,16055.49
2021-11-04 07:00:00+00:00,16055.995,16056.5,16036.485,16037.490000000002
2021-11-04 07:30:00+00:00,16037.739000000001,16055.5,16031.5,16035.995
2021-11-04 08:00:00+00:00,16035.241,16050.995,15997.5,15998.505
2021-11-04 08:30:00+00:00,15999.52,16012.564999999999,15996.02,15999.5
2021-11-04 09:00:00+00:00,16000.070000000002,16025.429999999998,15996.429999999998,16023.495
2021-11-04 09:30:00+00:00,16024.5,16028.02,16014.425,16024.015
2021-11-04 10:00:00+00:00,16024.0,16028.55,16014.554999999998,16028.505
2021-11-04 10:30:00+00:00,16027.751,16049.445000000002,16024.509999999998,16049.01
2021-11-04 11:00:00+00:00,16048.601,16049.570000000002,16041.45,16044.505
2021-11-04 11:30:00+00:00,16045.440000000002,16047.570000000002,16033.49,16034.98
2021-11-04 12:00:00+00:00,16034.5,16062.5,16033.009999999998,16040.95
2021-11-04 12:30:00+00:00,16041.005,16049.554999999998,16034.495,16037.554999999998
2021-11-04 13:00:00+00:00,16037.059999999998,16047.0,16034.445000000002,16038.5
2021-11-04 13:30:00+00:00,16039.5,16050.505,16018.495,16050.435000000001
2021-11-04 14:00:00+00:00,16049.701000000001,16065.564999999999,16039.440000000002,16057.525
2021-11-04 14:30:00+00:00,16057.564999999999,16063.564999999999,16046.45,16047.495
2021-11-04 15:00:00+00:00,16047.251,16047.52,16015.711,16021.429999999998
2021-11-04 15:30:00+00:00,16022.485,16041.52,16019.48,16039.525
2021-11-04 16:00:00+00:00,16040.0,16045.515000000003,16029.440000000002,16033.515000000003
2021-11-04 16:30:00+00:00,16034.51,16035.525,16024.005,16032.505
2021-11-04 17:00:00+00:00,16032.435000000001,16035.505,16026.435000000001,16035.0
2021-11-04 17:30:00+00:00,16034.575,16038.575,16029.02,16035.484999999997
2021-11-04 18:00:00+00:00,16036.009,16037.575,16023.48,16025.564999999999
2021-11-04 18:30:00+00:00,16026.564999999999,16033.515000000003,16022.009999999998,16028.559999999998
2021-11-04 19:00:00+00:00,16028.52,16038.525,16025.509999999998,16035.490000000002
2021-11-04 19:30:00+00:00,16035.948999999999,16042.554999999998,16027.484999999997,16041.05
2021-11-04 20:00:00+00:00,16041.05,16041.05,16032.484999999997,16036.475
2021-11-04 20:30:00+00:00,16036.823999999999,16039.52,16025.440000000002,16028.945000000002
2021-11-04 23:00:00+00:00,16039.704999999998,16041.465,16033.679999999998,16034.6
2021-11-04 23:30:00+00:00,16035.003999999997,16049.040000000003,16033.625,16047.409999999998
2021-11-05 00:00:00+00:00,16047.395,16047.470000000001,16025.0,16029.015000000003
2021-11-05 00:30:00+00:00,16029.0,16030.995,16015.49,16030.259
2021-11-05 01:00:00+00:00,16030.48,16034.51,16019.509999999998,16029.0
2021-11-05 01:30:00+00:00,16028.814000000002,16029.05,16013.929999999998,16021.975
2021-11-05 02:00:00+00:00,16021.769,16033.49,16018.975,16033.025
2021-11-05 02:30:00+00:00,16033.51,16039.505,16029.495,16034.98
2021-11-05 03:00:00+00:00,16035.45,16037.064999999999,16029.509999999998,16030.059999999998
2021-11-05 03:30:00+00:00,16030.505,16032.01,16020.0,16031.0
2021-11-05 04:00:00+00:00,16029.505,16033.575,16028.98,16031.95
2021-11-05 04:30:00+00:00,16031.490000000002,16033.005,16029.445000000002,16030.99
2021-11-05 05:00:00+00:00,16030.494,16032.49,16025.98,16028.075
2021-11-05 05:30:00+00:00,16028.484999999997,16029.5,16022.984999999997,16023.005
2021-11-05 06:00:00+00:00,16021.570000000002,16032.5,16019.48,16026.054999999998
2021-11-05 06:30:00+00:00,16025.575,16026.01,16014.940000000002,16017.940000000002
2021-11-05 07:00:00+00:00,16017.694,16019.564999999999,15999.48,16001.005
2021-11-05 07:30:00+00:00,16000.723999999998,16020.015000000003,15993.01,16008.02
2021-11-05 08:00:00+00:00,16009.064999999999,16040.559999999998,16006.995,16023.49
2021-11-05 08:30:00+00:00,16024.559999999998,16026.559999999998,16011.48,16020.005
2021-11-05 09:00:00+00:00,16020.435000000001,16037.575,16019.48,16033.0
2021-11-05 09:30:00+00:00,16033.5,16056.505,16029.741,16054.55
2021-11-05 10:00:00+00:00,16055.495,16057.015,16040.425,16043.070000000002
2021-11-05 10:30:00+00:00,16043.495,16054.5,16034.721,16054.5
2021-11-05 11:00:00+00:00,16054.505,16074.015000000003,16036.495,16040.005
2021-11-05 11:30:00+00:00,16039.701000000001,16059.49,16039.701000000001,16047.995
2021-11-05 12:00:00+00:00,16047.701000000001,16052.52,16041.475,16049.5
2021-11-05 12:30:00+00:00,16049.439999999999,16089.484999999997,16048.445000000002,16075.0
2021-11-05 13:00:00+00:00,16074.701000000001,16080.575,16059.440000000002,16073.5
2021-11-05 13:30:00+00:00,16074.5,16081.009999999998,16058.435000000001,16074.0
2021-11-05 14:00:00+00:00,16073.731,16075.570000000002,16046.525,16046.525
2021-11-05 14:30:00+00:00,16047.435000000001,16075.070000000002,16039.5,16074.51
2021-11-05 15:00:00+00:00,16075.5,16075.564999999999,16059.575,16062.5
2021-11-05 15:30:00+00:00,16063.5,16066.52,16041.435000000001,16041.925
2021-11-05 16:00:00+00:00,16043.059999999998,16052.554999999998,16035.484999999997,16041.751
2021-11-05 16:30:00+00:00,16041.515000000003,16059.505,16034.99,16037.5
2021-11-05 17:00:00+00:00,16038.509999999998,16040.55,16010.484999999997,16012.49
2021-11-05 17:30:00+00:00,16013.5,16035.485,16012.475,16034.495
2021-11-05 18:00:00+00:00,16033.973999999998,16044.575,16032.425,16044.059999999998
2021-11-05 18:30:00+00:00,16044.435000000001,16049.49,16038.525,16042.475
2021-11-05 19:00:00+00:00,16043.559999999998,16047.52,16033.495,16042.45
2021-11-05 19:30:00+00:00,16043.5,16057.554999999998,16039.475,16056.445000000002
2021-11-05 20:00:00+00:00,16056.234000000002,16056.995,16045.49,16048.925
2021-11-05 20:30:00+00:00,16048.684000000003,16059.064999999999,16041.0,16047.495
2021-11-05 21:00:00+00:00,16047.495,16047.495,16047.495,16047.495
2021-11-08 00:00:00+00:00,16040.903999999999,16043.855,16019.995,16019.995
2021-11-08 00:30:00+00:00,16019.803999999998,16027.495,16013.99,16024.48
2021-11-08 01:00:00+00:00,16024.995,16034.495,16017.98,16024.009999999998
2021-11-08 01:30:00+00:00,16023.749,16033.495,16016.95,16020.935000000001
2021-11-08 02:00:00+00:00,16020.499,16039.025,16019.495,16037.95
2021-11-08 02:30:00+00:00,16038.495,16039.064999999999,16029.935000000001,16036.5
2021-11-08 03:00:00+00:00,16036.259,16042.05,16034.02,16039.02
2021-11-08 03:30:00+00:00,16039.495,16039.495,16030.475,16032.935000000001
2021-11-08 04:00:00+00:00,16034.0,16034.02,16025.525,16026.005
2021-11-08 04:30:00+00:00,16027.070000000002,16031.52,16023.505,16030.995
2021-11-08 05:00:00+00:00,16032.025,16041.51,16028.48,16039.945000000002
2021-11-08 05:30:00+00:00,16040.48,16046.515000000003,16038.935000000001,16041.015000000003
2021-11-08 06:00:00+00:00,16043.55,16046.5,16027.01,16027.51
2021-11-08 06:30:00+00:00,16027.995,16029.559999999998,16012.495,16022.995
2021-11-08 07:00:00+00:00,16021.749,16048.485,16009.5,16038.49
2021-11-08 07:30:00+00:00,16038.069,16039.99,16016.51,16026.475
2021-11-08 08:00:00+00:00,16027.484999999997,16069.570000000002,16018.52,16052.495
2021-11-08 08:30:00+00:00,16051.98,16053.564999999999,16035.52,16052.484999999997
2021-11-08 09:00:00+00:00,16051.751,16054.575,16038.45,16045.484999999997
2021-11-08 09:30:00+00:00,16046.495,16049.51,16029.525,16036.495
2021-11-08 10:00:00+00:00,16036.747,16040.5,16032.5,16036.495
2021-11-08 10:30:00+00:00,16035.721,16037.51,16027.445000000002,16034.5
2021-11-08 11:00:00+00:00,16034.95,16039.0,16028.484999999997,16036.5
2021-11-08 11:30:00+00:00,16037.5,16038.515,16020.495,16021.601
2021-11-08 12:00:00+00:00,16021.495,16030.575,16017.515000000003,16024.984999999997
2021-11-08 12:30:00+00:00,16025.51,16030.505,16022.505,16025.509999999998
2021-11-08 13:00:00+00:00,16025.995,16030.49,16023.425,16028.51
2021-11-08 13:30:00+00:00,16029.0,16044.52,16024.445000000002,16043.485
2021-11-08 14:00:00+00:00,16044.005,16054.55,16041.015,16054.55
2021-11-08 14:30:00+00:00,16053.721,16066.570000000002,16051.601,16061.51
2021-11-08 15:00:00+00:00,16062.485,16069.554999999998,16048.575,16060.435000000001
2021-11-08 15:30:00+00:00,16061.52,16066.5,16054.484999999997,16057.525
2021-11-08 16:00:00+00:00,16057.101,16060.52,16040.484999999997,16049.45
2021-11-08 16:30:00+00:00,16049.874,16049.874,16029.48,16031.0
2021-11-08 17:00:00+00:00,16030.753999999997,16037.505,16028.435000000001,16036.515
2021-11-08 17:30:00+00:00,16037.059999999998,16039.52,16027.495,16032.485
2021-11-08 18:00:00+00:00,16033.485,16037.575,16030.435000000001,16034.51
2021-11-08 18:30:00+00:00,16034.49,16039.515,16032.485,16038.01
2021-11-08 19:00:00+00:00,16037.679,16042.575,16034.425,16036.564999999999
2021-11-08 19:30:00+00:00,16036.945000000002,16043.554999999998,16036.505,16043.51
2021-11-08 20:00:00+00:00,16043.269,16043.5,16035.515000000003,16037.52
2021-11-08 20:30:00+00:00,16038.009999999998,16042.570000000002,16029.495,16037.5
2021-11-08 21:00:00+00:00,16037.429999999998,16041.815000000002,16017.904999999999,16031.49
2021-11-08 23:00:00+00:00,16027.295000000002,16032.115000000002,16017.445000000002,16025.1
2021-11-08 23:30:00+00:00,16026.015,16030.359999999997,16019.184999999998,16020.39
2021-11-09 00:00:00+00:00,16020.88,16025.125,16011.5,16016.940000000002
2021-11-09 00:30:00+00:00,16016.440000000002,16019.01,16008.054999999998,16010.48
2021-11-09 01:00:00+00:00,16009.999,16016.515000000003,16006.0,16011.495
2021-11-09 01:30:00+00:00,16011.234,16013.51,16003.575,16008.925
2021-11-09 02:00:00+00:00,16008.494,16016.425,16007.49,16015.075
2021-11-09 02:30:00+00:00,16014.003999999997,16016.49,16009.0,16014.064999999999
2021-11-09 03:00:00+00:00,16013.698999999999,16016.0,16011.429999999998,16012.925
2021-11-09 03:30:00+00:00,16012.479000000001,16012.564999999999,15996.48,15999.490000000002
2021-11-09 04:00:00+00:00,15999.985,16006.015000000003,15996.429999999998,15998.059999999998
2021-11-09 04:30:00+00:00,15998.45,16003.525,15996.5,15999.01
2021-11-09 05:00:00+00:00,16000.51,16004.505,15997.5,16003.064999999999
2021-11-09 05:30:00+00:00,16003.505,16015.495,16002.0,16011.5
2021-11-09 06:00:00+00:00,16011.264000000001,16019.02,16011.009999999998,16015.059999999998
2021-11-09 06:30:00+00:00,16015.495,16026.064999999999,16015.495,16026.015000000003
2021-11-09 07:00:00+00:00,16026.5,16033.505,16017.48,16025.5
2021-11-09 07:30:00+00:00,16025.269,16028.505,16015.51,16020.01
2021-11-09 08:00:00+00:00,16019.201000000001,16072.559999999998,16013.741,16064.554999999998
2021-11-09 08:30:00+00:00,16065.009999999998,16072.52,16051.5,16063.5
2021-11-09 09:00:00+00:00,16062.701000000001,16073.429999999998,16060.51,16069.0
2021-11-09 09:30:00+00:00,16069.505,16086.52,16066.490000000002,16084.495
2021-11-09 10:00:00+00:00,16084.201000000001,16088.564999999999,16072.601,16077.02
2021-11-09 10:30:00+00:00,16076.5,16080.570000000002,16066.731,16080.515
2021-11-09 11:00:00+00:00,16079.995,16098.49,16076.425,16092.515000000003
2021-11-09 11:30:00+00:00,16093.0,16094.51,16085.51,16091.484999999997
2021-11-09 12:00:00+00:00,16092.48,16095.509999999998,16078.741,16088.505
2021-11-09 12:30:00+00:00,16089.559999999998,16093.559999999998,16076.435000000001,16081.495
2021-11-09 13:00:00+00:00,16082.509999999998,16087.495,16070.495,16073.070000000002
2021-11-09 13:30:00+00:00,16072.701000000001,16097.005,16071.601,16084.984999999997
2021-11-09 14:00:00+00:00,16085.49,16107.515000000003,16083.425,16101.5
2021-11-09 14:30:00+00:00,16102.5,16102.5,16033.49,16036.435000000001
2021-11-09 15:00:00+00:00,16037.5,16059.5,16026.440000000002,16055.505
2021-11-09 15:30:00+00:00,16055.101,16069.570000000002,16050.575,16054.51
2021-11-09 16:00:00+00:00,16055.054999999998,16065.52,16033.48,16036.575
2021-11-09 16:30:00+00:00,16037.495,16052.015000000003,16031.425,16034.495
2021-11-09 17:00:00+00:00,16033.934000000003,16038.575,16023.425,16032.5
2021-11-09 17:30:00+00:00,16032.99,16044.0,16029.495,16039.5
2021-11-09 18:00:00+00:00,16039.929999999998,16042.570000000002,16030.49,16031.52
2021-11-09 18:30:00+00:00,16031.98,16037.0,16021.45,16026.505
2021-11-09 19:00:00+00:00,16026.274,16037.570000000002,16023.484999999997,16032.485
2021-11-09 19:30:00+00:00,16032.274,16040.02,16029.484999999997,16037.5
2021-11-09 20:00:00+00:00,16036.929,16036.929,16022.515000000003,16027.445000000002
2021-11-09 20:30:00+00:00,16028.435000000001,16044.55,16023.425,16038.525
2021-11-09 21:00:00+00:00,16038.990000000002,16041.61,16026.940000000002,16029.584999999997
2021-11-09 23:00:00+00:00,16025.75,16028.315000000002,16014.13,16019.575
2021-11-09 23:30:00+00:00,16020.45,16024.759999999998,16016.995,16017.95
2021-11-10 00:00:00+00:00,16018.679999999998,16027.27,16013.525,16021.01
2021-11-10 00:30:00+00:00,16021.509999999998,16027.5,16016.975,16021.925
2021-11-10 01:00:00+00:00,16023.505,16028.440000000002,16016.51,16019.01
2021-11-10 01:30:00+00:00,16018.744,16029.0,16013.429999999998,16026.0
2021-11-10 02:00:00+00:00,16025.489000000001,16026.070000000002,16013.515,16019.015
2021-11-10 02:30:00+00:00,16019.5,16019.5,15995.505,15999.95
2021-11-10 03:00:00+00:00,16000.48,16004.515,15995.995,16002.570000000002
2021-11-10 03:30:00+00:00,16003.02,16003.52,15991.495,15995.929999999998
2021-11-10 04:00:00+00:00,15996.505,15998.025,15988.485,15990.495
2021-11-10 04:30:00+00:00,15990.239000000001,15996.564999999999,15988.51,15996.0
2021-11-10 05:00:00+00:00,15996.5,15999.570000000002,15991.48,15995.98
2021-11-10 05:30:00+00:00,15995.434000000003,16009.575,15995.01,16007.01
2021-11-10 06:00:00+00:00,16006.739000000001,16023.005,16005.445000000002,16023.005
2021-11-10 06:30:00+00:00,16022.749,16037.05,16020.55,16031.98
2021-11-10 07:00:00+00:00,16032.548999999999,16062.515,16028.429999999998,16054.059999999998
2021-11-10 07:30:00+00:00,16054.515,16058.515000000003,16042.425,16042.925
2021-11-10 08:00:00+00:00,16044.01,16062.51,16025.429999999998,16040.231
2021-11-10 08:30:00+00:00,16040.070000000002,16046.570000000002,16018.5,16019.009999999998
2021-11-10 09:00:00+00:00,16018.721,16026.52,15986.495,15992.425
2021-11-10 09:30:00+00:00,15992.505,16047.495,15988.484999999997,16040.0
2021-11-10 10:00:00+00:00,16040.445000000002,16045.5,16027.429999999998,16028.5
2021-11-10 10:30:00+00:00,16029.02,16030.5,16006.741,16019.495
2021-11-10 11:00:00+00:00,16018.751,16033.5,16011.484999999997,16018.99
2021-11-10 11:30:00+00:00,16019.02,16020.570000000002,16002.429999999998,16009.49
2021-11-10 12:00:00+00:00,16010.509999999998,16033.02,16009.51,16031.570000000002
2021-11-10 12:30:00+00:00,16030.701000000001,16031.505,16021.425,16026.51
2021-11-10 13:00:00+00:00,16027.570000000002,16037.575,16027.005,16030.009999999998
2021-11-10 13:30:00+00:00,16030.749,16035.5,16011.995,16030.005
2021-11-10 14:00:00+00:00,16030.525,16032.505,16021.425,16025.52
2021-11-10 14:30:00+00:00,16026.267000000002,16065.51,16019.425,16062.55
2021-11-10 15:00:00+00:00,16063.015,16078.515000000003,16057.5,16067.425
2021-11-10 15:30:00+00:00,16066.731,16073.52,16061.495,16063.01
2021-11-10 16:00:00+00:00,16062.55,16067.505,16056.5,16064.49
2021-11-10 16:30:00+00:00,16064.55,16067.52,16050.975,16063.515000000003
2021-11-10 17:00:00+00:00,16064.0,16066.51,16053.445000000002,16053.495
2021-11-10 17:30:00+00:00,16054.505,16058.525,16046.429999999998,16053.509999999998
2021-11-10 18:00:00+00:00,16053.223999999998,16055.564999999999,16027.495,16037.505
2021-11-10 18:30:00+00:00,16037.254,16042.01,16014.99,16020.429999999998
2021-11-10 19:00:00+00:00,16020.070000000002,16021.575,15997.484999999997,15997.484999999997
2021-11-10 19:30:00+00:00,15997.995,16012.5,15990.445000000002,16002.005
2021-11-10 20:00:00+00:00,16001.509999999998,16024.570000000002,16001.484999999997,16014.509999999998
2021-11-10 20:30:00+00:00,16013.5,16024.55,15998.425,16011.015000000003
2021-11-10 21:00:00+00:00,16011.025,16016.195000000002,16005.295000000002,16015.459999999997
2021-11-10 23:00:00+00:00,16021.690000000002,16024.320000000002,16012.13,16014.795000000002
2021-11-10 23:30:00+00:00,16015.7,16016.570000000002,15999.35,16011.39
2021-11-11 00:00:00+00:00,16012.210000000001,16032.015000000003,16010.49,16020.505
2021-11-11 00:30:00+00:00,16020.234,16025.564999999999,16011.0,16016.005
2021-11-11 01:00:00+00:00,16015.005,16019.015000000003,16000.0,16004.015000000003
2021-11-11 01:30:00+00:00,16004.495,16036.564999999999,16000.490000000002,16036.0
2021-11-11 02:00:00+00:00,16037.48,16039.02,16031.505,16035.0
2021-11-11 02:30:00+00:00,16034.489000000001,16038.52,16026.490000000002,16028.0
2021-11-11 03:00:00+00:00,16028.490000000002,16032.505,16026.495,16031.49
2021-11-11 03:30:00+00:00,16031.239000000001,16031.239000000001,16019.0,16021.015000000003
2021-11-11 04:00:00+00:00,16020.495,16021.505,16004.99,16005.975
2021-11-11 04:30:00+00:00,16006.059999999998,16013.005,16004.425,16011.070000000002
2021-11-11 05:00:00+00:00,16010.679,16023.570000000002,16010.425,16021.98
2021-11-11 05:30:00+00:00,16022.48,16030.564999999999,16021.99,16025.01
2021-11-11 06:00:00+00:00,16026.0,16044.075,16024.425,16035.995
2021-11-11 06:30:00+00:00,16035.749,16043.025,16035.5,16040.440000000002
2021-11-11 07:00:00+00:00,16041.025,16064.0,16039.440000000002,16058.48
2021-11-11 07:30:00+00:00,16059.015000000003,16062.575,16045.5,16052.0
2021-11-11 08:00:00+00:00,16051.711,16087.515000000003,16051.711,16066.495
2021-11-11 08:30:00+00:00,16067.247,16067.52,16030.48,16049.475
2021-11-11 09:00:00+00:00,16049.251,16116.505,16046.49,16108.52
2021-11-11 09:30:00+00:00,16107.731,16115.515,16081.445000000002,16093.0
2021-11-11 10:00:00+00:00,16092.741,16106.55,16087.435000000001,16090.995
2021-11-11 10:30:00+00:00,16090.711,16090.711,16054.425,16084.49
2021-11-11 11:00:00+00:00,16084.221,16093.5,16077.475,16083.52
2021-11-11 11:30:00+00:00,16083.101,16086.559999999998,16072.485,16082.564999999999
2021-11-11 12:00:00+00:00,16081.741,16093.570000000002,16074.721,16081.564999999999
2021-11-11 12:30:00+00:00,16081.241,16089.559999999998,16076.025,16078.98
2021-11-11 13:00:00+00:00,16078.741,16088.51,16073.484999999997,16088.005
2021-11-11 13:30:00+00:00,16088.495,16101.51,16081.429999999998,16095.5
2021-11-11 14:00:00+00:00,16094.741,16096.575,16080.425,16083.484999999997
2021-11-11 14:30:00+00:00,16084.02,16084.564999999999,16063.485,16076.005
2021-11-11 15:00:00+00:00,16075.741,16080.5,16065.435000000001,16073.005
2021-11-11 15:30:00+00:00,16073.495,16084.55,16068.425,16077.49
2021-11-11 16:00:00+00:00,16078.02,16088.515000000003,16077.425,16082.49
2021-11-11 16:30:00+00:00,16082.484999999997,16090.570000000002,16075.45,16076.515
2021-11-11 17:00:00+00:00,16077.064999999999,16079.495,16065.429999999998,16072.525
2021-11-11 17:30:00+00:00,16072.764000000001,16084.515000000003,16071.995,16081.515
2021-11-11 18:00:00+00:00,16082.5,16083.55,16076.484999999997,16080.515
2021-11-11 18:30:00+00:00,16080.229000000001,16085.554999999998,16078.49,16084.515000000003
2021-11-11 19:00:00+00:00,16083.989000000001,16090.02,16082.435000000001,16087.570000000002
2021-11-11 19:30:00+00:00,16088.48,16094.509999999998,16083.005,16084.425
2021-11-11 20:00:00+00:00,16085.005,16085.559999999998,16078.475,16081.505
2021-11-11 20:30:00+00:00,16081.98,16088.570000000002,16078.01,16080.945000000002
2021-11-11 21:00:00+00:00,16081.0,16093.154999999999,16079.25,16088.784999999998
2021-11-11 23:00:00+00:00,16096.1,16102.65,16093.095000000001,16101.810000000001
2021-11-11 23:30:00+00:00,16102.6,16109.62,16099.925,16108.685000000001
2021-11-12 00:00:00+00:00,16109.59,16123.465,16106.98,16118.45
2021-11-12 00:30:00+00:00,16118.99,16126.559999999998,16118.925,16120.49
2021-11-12 01:00:00+00:00,16118.495,16123.0,16112.929999999998,16115.990000000002
2021-11-12 01:30:00+00:00,16118.49,16126.490000000002,16116.435000000001,16123.01
2021-11-12 02:00:00+00:00,16123.575,16123.575,16115.98,16118.52
2021-11-12 02:30:00+00:00,16119.995,16121.025,16110.98,16113.505
2021-11-12 03:00:00+00:00,16113.184000000003,16113.554999999998,16097.440000000002,16104.52
2021-11-12 03:30:00+00:00,16104.249,16107.49,16101.45,16103.02
2021-11-12 04:00:00+00:00,16104.0,16106.059999999998,16099.925,16104.975
2021-11-12 04:30:00+00:00,16106.05,16107.054999999998,16102.425,16102.935000000001
2021-11-12 05:00:00+00:00,16104.025,16105.564999999999,16093.99,16097.995
2021-11-12 05:30:00+00:00,16097.494,16104.5,16096.45,16104.02
2021-11-12 06:00:00+00:00,16103.548999999999,16109.505,16102.49,16108.940000000002
2021-11-12 06:30:00+00:00,16108.764000000001,16109.525,16089.554999999998,16091.015000000003
2021-11-12 07:00:00+00:00,16093.0,16093.0,16082.984999999997,16084.005
2021-11-12 07:30:00+00:00,16083.684000000003,16087.02,16074.8505,16086.495
2021-11-12 08:00:00+00:00,16087.525,16116.02,16081.505,16086.009999999998
2021-11-12 08:30:00+00:00,16086.495,16105.505,16065.5,16100.495
2021-11-12 09:00:00+00:00,16100.201000000001,16101.525,16086.601,16091.5
2021-11-12 09:30:00+00:00,16091.211,16098.575,16088.505,16095.495
2021-11-12 10:00:00+00:00,16095.221,16108.98,16094.49,16103.505
2021-11-12 10:30:00+00:00,16102.731,16119.559999999998,16093.731,16110.51
2021-11-12 11:00:00+00:00,16110.054999999998,16113.5,16099.5,16103.52
2021-11-12 11:30:00+00:00,16104.51,16115.075,16102.995,16114.515000000003
2021-11-12 12:00:00+00:00,16114.48,16116.570000000002,16106.054999999998,16108.559999999998
2021-11-12 12:30:00+00:00,16107.741,16111.554999999998,16098.495,16102.945000000002
2021-11-12 13:00:00+00:00,16103.515000000003,16109.5,16100.445000000002,16107.490000000002
2021-11-12 13:30:00+00:00,16107.231,16107.564999999999,16098.505,16101.95
2021-11-12 14:00:00+00:00,16101.701000000001,16114.570000000002,16098.485,16098.575
2021-11-12 14:30:00+00:00,16098.525,16098.525,16075.550500000001,16087.45
2021-11-12 15:00:00+00:00,16086.484999999997,16089.570000000002,16071.48,16078.51
2021-11-12 15:30:00+00:00,16079.509999999998,16100.5,16075.475,16090.485
2021-11-12 16:00:00+00:00,16091.515,16105.52,16085.48,16102.49
2021-11-12 16:30:00+00:00,16101.601,16104.554999999998,16088.475,16099.564999999999
2021-11-12 17:00:00+00:00,16100.440000000002,16104.5,16095.48,16097.5
2021-11-12 17:30:00+00:00,16097.495,16098.570000000002,16088.429999999998,16088.49
2021-11-12 18:00:00+00:00,16089.02,16089.570000000002,16081.49,16088.525
2021-11-12 18:30:00+00:00,16088.935000000001,16092.554999999998,16086.445000000002,16086.445000000002
2021-11-12 19:00:00+00:00,16086.98,16089.51,16083.484999999997,16084.009999999998
2021-11-12 19:30:00+00:00,16084.51,16087.559999999998,16080.5,16085.490000000002
2021-11-12 20:00:00+00:00,16085.984,16090.55,16085.495,16088.935000000001
2021-11-12 20:30:00+00:00,16088.729000000001,16096.51,16087.425,16095.075
2021-11-12 21:00:00+00:00,16094.940000000002,16112.25,16092.4,16108.790000000003
2021-11-15 00:00:00+00:00,16116.804999999998,16125.425,16102.925,16106.440000000002
2021-11-15 00:30:00+00:00,16106.995,16112.570000000002,16105.945000000002,16111.51
2021-11-15 01:00:00+00:00,16110.244,16111.55,16102.0,16104.995
2021-11-15 01:30:00+00:00,16104.803999999998,16106.515000000003,16097.445000000002,16098.995
2021-11-15 02:00:00+00:00,16100.475,16104.5,16097.95,16103.075
2021-11-15 02:30:00+00:00,16102.509,16103.495,16096.495,16098.01
2021-11-15 03:00:00+00:00,16097.744,16098.484999999997,16087.0,16087.0
2021-11-15 03:30:00+00:00,16087.505,16090.515000000003,16086.505,16087.995
2021-11-15 04:00:00+00:00,16087.749,16089.99,16086.429999999998,16087.99
2021-11-15 04:30:00+00:00,16087.744,16089.490000000002,16083.435000000001,16088.929999999998
2021-11-15 05:00:00+00:00,16088.764000000001,16093.564999999999,16087.99,16091.99
2021-11-15 05:30:00+00:00,16092.48,16095.0,16088.505,16093.015000000003
2021-11-15 06:00:00+00:00,16092.749,16096.515000000003,16089.5,16092.935000000001
2021-11-15 06:30:00+00:00,16092.754,16093.070000000002,16086.525,16089.995
2021-11-15 07:00:00+00:00,16091.484999999997,16096.559999999998,16084.99,16092.490000000002
2021-11-15 07:30:00+00:00,16092.98,16101.490000000002,16085.945000000002,16093.554999999998
2021-11-15 08:00:00+00:00,16092.601,16115.505,16070.751,16092.5
2021-11-15 08:30:00+00:00,16092.201000000001,16106.575,16082.984999999997,16100.5
2021-11-15 09:00:00+00:00,16100.99,16112.570000000002,16098.98,16106.495
2021-11-15 09:30:00+00:00,16105.751,16121.601,16096.445000000002,16119.48
2021-11-15 10:00:00+00:00,16120.554999999998,16126.505,16114.48,16119.490000000002
2021-11-15 10:30:00+00:00,16119.201000000001,16125.570000000002,16115.49,16124.505
2021-11-15 11:00:00+00:00,16123.751,16124.495,16113.435000000001,16114.495
2021-11-15 11:30:00+00:00,16115.445000000002,16120.515,16106.0,16113.48
2021-11-15 12:00:00+00:00,16112.741,16118.995,16109.5,16117.45
2021-11-15 12:30:00+00:00,16118.505,16140.515000000003,16116.425,16131.98
2021-11-15 13:00:00+00:00,16132.525,16148.5,16124.440000000002,16139.945000000002
2021-11-15 13:30:00+00:00,16140.525,16151.05,16127.425,16128.5
2021-11-15 14:00:00+00:00,16128.211,16135.490000000002,16123.505,16130.495
2021-11-15 14:30:00+00:00,16131.49,16131.515000000003,16099.490000000002,16119.721
2021-11-15 15:00:00+00:00,16119.425,16120.525,16104.48,16115.5
2021-11-15 15:30:00+00:00,16114.731,16130.015,16113.425,16122.559999999998
2021-11-15 16:00:00+00:00,16122.98,16143.49,16120.515,16140.701000000001
2021-11-15 16:30:00+00:00,16141.505,16152.009999999998,16113.505,16126.505
2021-11-15 17:00:00+00:00,16126.984999999997,16141.52,16124.005,16139.0
2021-11-15 17:30:00+00:00,16138.764000000001,16146.0,16138.429999999998,16139.485
2021-11-15 18:00:00+00:00,16138.999,16143.515000000003,16135.5,16138.0
2021-11-15 18:30:00+00:00,16138.51,16140.559999999998,16132.48,16136.425
2021-11-15 19:00:00+00:00,16136.069,16136.564999999999,16128.425,16130.51
2021-11-15 19:30:00+00:00,16130.073999999999,16138.570000000002,16129.429999999998,16136.505
2021-11-15 20:00:00+00:00,16135.994,16141.575,16133.495,16140.51
2021-11-15 20:30:00+00:00,16140.995,16141.075,16125.440000000002,16137.509999999998
2021-11-15 21:00:00+00:00,16136.759,16145.164999999999,16132.140000000003,16144.309999999998
2021-11-15 23:00:00+00:00,16140.395,16142.575,16133.829999999998,16137.420000000002
2021-11-15 23:30:00+00:00,16136.515000000003,16139.175,16134.725,16137.384999999998
2021-11-16 00:00:00+00:00,16138.265,16146.064999999999,16120.445000000002,16122.51
2021-11-16 00:30:00+00:00,16122.014000000001,16131.5,16119.505,16129.995
2021-11-16 01:00:00+00:00,16131.02,16148.05,16129.484999999997,16144.02
2021-11-16 01:30:00+00:00,16143.504,16158.02,16140.48,16157.015000000003
2021-11-16 02:00:00+00:00,16156.5,16157.070000000002,16142.429999999998,16144.0
2021-11-16 02:30:00+00:00,16144.495,16146.015000000003,16140.975,16142.01
2021-11-16 03:00:00+00:00,16141.753999999997,16148.5,16141.429999999998,16148.49
2021-11-16 03:30:00+00:00,16148.264000000001,16150.575,16144.995,16144.995
2021-11-16 04:00:00+00:00,16144.5,16145.025,16129.995,16131.5
2021-11-16 04:30:00+00:00,16131.505,16136.509999999998,16128.51,16134.075
2021-11-16 05:00:00+00:00,16133.749,16140.515000000003,16128.984999999997,16129.484999999997
2021-11-16 05:30:00+00:00,16129.173999999999,16137.015000000003,16128.425,16129.995
2021-11-16 06:00:00+00:00,16131.51,16136.01,16126.48,16127.0
2021-11-16 06:30:00+00:00,16127.440000000002,16142.064999999999,16126.929999999998,16141.995
2021-11-16 07:00:00+00:00,16141.99,16173.0,16138.425,16169.49
2021-11-16 07:30:00+00:00,16169.014000000001,16175.52,16160.490000000002,16170.945000000002
2021-11-16 08:00:00+00:00,16170.231,16186.505,16163.101,16176.925
2021-11-16 08:30:00+00:00,16176.601,16190.5,16157.601,16159.505
2021-11-16 09:00:00+00:00,16158.525,16177.505,16158.525,16175.484999999997
2021-11-16 09:30:00+00:00,16176.49,16198.564999999999,16175.484999999997,16196.440000000002
2021-11-16 10:00:00+00:00,16195.51,16202.440000000002,16181.484999999997,16194.99
2021-11-16 10:30:00+00:00,16195.52,16198.575,16188.495,16194.0
2021-11-16 11:00:00+00:00,16194.484999999997,16224.45,16188.495,16222.5
2021-11-16 11:30:00+00:00,16223.515000000003,16241.5,16221.445000000002,16232.5
2021-11-16 12:00:00+00:00,16232.559999999998,16235.554999999998,16222.425,16226.515000000003
2021-11-16 12:30:00+00:00,16226.211,16228.570000000002,16215.48,16223.55
2021-11-16 13:00:00+00:00,16224.495,16231.564999999999,16214.5,16215.52
2021-11-16 13:30:00+00:00,16216.559999999998,16233.009999999998,16214.95,16229.515000000003
2021-11-16 14:00:00+00:00,16229.99,16239.51,16220.5,16234.5
2021-11-16 14:30:00+00:00,16235.5,16262.495,16231.429999999998,16256.445000000002
2021-11-16 15:00:00+00:00,16257.51,16268.515,16240.425,16240.505
2021-11-16 15:30:00+00:00,16241.575,16255.554999999998,16238.475,16238.721
2021-11-16 16:00:00+00:00,16238.5,16265.5,16238.495,16254.52
2021-11-16 16:30:00+00:00,16254.798999999999,16257.51,16247.5,16253.5
2021-11-16 17:00:00+00:00,16252.984,16253.575,16248.48,16251.575
2021-11-16 17:30:00+00:00,16251.184000000003,16259.52,16249.525,16255.51
2021-11-16 18:00:00+00:00,16255.003999999997,16258.575,16252.425,16253.509999999998
2021-11-16 18:30:00+00:00,16254.505,16261.575,16254.505,16257.475
2021-11-16 19:00:00+00:00,16256.989000000001,16257.564999999999,16250.505,16256.515
2021-11-16 19:30:00+00:00,16256.995,16258.5,16248.95,16250.5
2021-11-16 20:00:00+00:00,16249.984,16253.505,16246.49,16246.559999999998
2021-11-16 20:30:00+00:00,16246.019,16253.575,16240.5,16241.744
2021-11-16 21:00:00+00:00,16241.435000000001,16251.48,16237.635,16245.48
2021-11-16 23:00:00+00:00,16243.7,16246.295000000002,16235.98,16241.105
2021-11-16 23:30:00+00:00,16240.703999999998,16254.105,16239.810000000001,16250.590000000002
2021-11-17 00:00:00+00:00,16250.203999999998,16253.225,16233.495,16235.564999999999
2021-11-17 00:30:00+00:00,16236.02,16241.075,16234.01,16236.02
2021-11-17 01:00:00+00:00,16235.774,16238.02,16231.48,16231.5
2021-11-17 01:30:00+00:00,16231.173999999999,16233.015,16219.49,16223.475
2021-11-17 02:00:00+00:00,16223.485,16225.01,16219.49,16222.554999999998
2021-11-17 02:30:00+00:00,16221.989000000001,16223.55,16219.985,16221.075
2021-11-17 03:00:00+00:00,16221.515,16227.55,16214.490000000002,16215.495
2021-11-17 03:30:00+00:00,16216.005,16217.570000000002,16212.5,16216.015000000003
2021-11-17 04:00:00+00:00,16215.509,16221.505,16214.02,16221.505
2021-11-17 04:30:00+00:00,16221.935000000001,16226.559999999998,16220.490000000002,16225.98
2021-11-17 05:00:00+00:00,16226.99,16229.505,16223.0,16224.02
2021-11-17 05:30:00+00:00,16224.52,16231.55,16224.5,16225.515000000003
2021-11-17 06:00:00+00:00,16225.984999999997,16227.564999999999,16217.440000000002,16227.0
2021-11-17 06:30:00+00:00,16227.485,16230.575,16223.425,16228.995
2021-11-17 07:00:00+00:00,16228.494,16237.515000000003,16225.48,16236.505
2021-11-17 07:30:00+00:00,16236.264000000001,16256.02,16234.02,16251.51
2021-11-17 08:00:00+00:00,16250.484999999997,16274.515000000003,16241.495,16269.505
2021-11-17 08:30:00+00:00,16270.015,16285.564999999999,16267.475,16277.505
2021-11-17 09:00:00+00:00,16278.075,16278.075,16259.440000000002,16265.5
2021-11-17 09:30:00+00:00,16266.484999999997,16270.515000000003,16262.425,16267.5
2021-11-17 10:00:00+00:00,16267.984999999997,16276.515000000003,16263.425,16264.935000000001
2021-11-17 10:30:00+00:00,16265.505,16267.55,16260.440000000002,16265.0
2021-11-17 11:00:00+00:00,16265.49,16271.554999999998,16256.425,16268.564999999999
2021-11-17 11:30:00+00:00,16269.059999999998,16272.575,16262.484999999997,16268.505
2021-11-17 12:00:00+00:00,16269.495,16270.570000000002,16260.435000000001,16267.509999999998
2021-11-17 12:30:00+00:00,16268.484999999997,16269.564999999999,16261.51,16265.995
2021-11-17 13:00:00+00:00,16266.249,16270.5,16253.435000000001,16268.5
2021-11-17 13:30:00+00:00,16267.741,16272.509999999998,16262.52,16264.425
2021-11-17 14:00:00+00:00,16263.751,16269.5,16260.51,16267.070000000002
2021-11-17 14:30:00+00:00,16266.601,16274.564999999999,16254.99,16262.5
2021-11-17 15:00:00+00:00,16261.721,16277.495,16258.425,16268.49
2021-11-17 15:30:00+00:00,16269.52,16281.575,16262.495,16267.741
2021-11-17 16:00:00+00:00,16268.495,16273.575,16249.701000000001,16253.564999999999
2021-11-17 16:30:00+00:00,16252.741,16269.515000000003,16247.425,16267.515000000003
2021-11-17 17:00:00+00:00,16266.999,16267.575,16246.495,16247.51
2021-11-17 17:30:00+00:00,16247.515000000003,16256.51,16244.440000000002,16253.49
2021-11-17 18:00:00+00:00,16253.229000000001,16262.575,16250.429999999998,16259.51
2021-11-17 18:30:00+00:00,16260.49,16267.515000000003,16257.445000000002,16264.495
2021-11-17 19:00:00+00:00,16263.984,16266.52,16251.5,16253.49
2021-11-17 19:30:00+00:00,16253.009,16266.52,16252.475,16263.45
2021-11-17 20:00:00+00:00,16263.505,16265.52,16253.425,16260.554999999998
2021-11-17 20:30:00+00:00,16261.554999999998,16265.575,16257.505,16257.505
2021-11-17 21:00:00+00:00,16257.515,16258.415000000003,16242.779999999999,16252.240000000002
2021-11-17 23:00:00+00:00,16253.670000000002,16259.275,16250.540000000003,16258.404999999999
2021-11-17 23:30:00+00:00,16259.195000000002,16264.470000000001,16254.904999999999,16264.404999999999
2021-11-18 00:00:00+00:00,16263.994,16267.970000000001,16251.005,16258.505
2021-11-18 00:30:00+00:00,16257.749,16266.570000000002,16256.015000000003,16263.495
2021-11-18 01:00:00+00:00,16263.194,16265.059999999998,16254.495,16258.485
2021-11-18 01:30:00+00:00,16258.228999999998,16260.005,16250.945000000002,16252.009999999998
2021-11-18 02:00:00+00:00,16251.499,16256.505,16242.495,16249.95
2021-11-18 02:30:00+00:00,16251.064999999999,16255.515,16248.505,16249.490000000002
2021-11-18 03:00:00+00:00,16249.244,16250.559999999998,16243.485,16245.98
2021-11-18 03:30:00+00:00,16245.739000000001,16253.02,16244.995,16250.064999999999
2021-11-18 04:00:00+00:00,16250.509999999998,16256.0,16250.49,16255.515
2021-11-18 04:30:00+00:00,16255.069,16260.5,16254.475,16259.070000000002
2021-11-18 05:00:00+00:00,16259.45,16272.575,16257.984999999997,16266.059999999998
2021-11-18 05:30:00+00:00,16266.015000000003,16270.515000000003,16260.429999999998,16262.005
2021-11-18 06:00:00+00:00,16262.515,16265.05,16260.484999999997,16264.48
2021-11-18 06:30:00+00:00,16264.269,16264.515000000003,16260.559999999998,16261.5
2021-11-18 07:00:00+00:00,16261.244,16276.575,16258.99,16272.945000000002
2021-11-18 07:30:00+00:00,16272.478999999998,16276.054999999998,16268.99,16273.05
2021-11-18 08:00:00+00:00,16273.744,16289.575,16256.49,16289.575
2021-11-18 08:30:00+00:00,16290.435000000001,16291.509999999998,16268.440000000002,16281.559999999998
2021-11-18 09:00:00+00:00,16280.751,16289.515000000003,16273.445000000002,16275.440000000002
2021-11-18 09:30:00+00:00,16276.01,16276.064999999999,16244.484999999997,16244.495
2021-11-18 10:00:00+00:00,16245.005,16252.5,16233.45,16251.495
2021-11-18 10:30:00+00:00,16251.211,16258.564999999999,16247.495,16257.51
2021-11-18 11:00:00+00:00,16256.601,16265.515000000003,16249.505,16261.52
2021-11-18 11:30:00+00:00,16261.201000000001,16268.575,16261.075,16262.02
2021-11-18 12:00:00+00:00,16261.601,16270.52,16257.5,16263.475
2021-11-18 12:30:00+00:00,16262.741,16266.51,16248.5,16253.995
2021-11-18 13:00:00+00:00,16253.711,16254.5,16237.445000000002,16241.01
2021-11-18 13:30:00+00:00,16241.5,16257.5,16239.490000000002,16246.435000000001
2021-11-18 14:00:00+00:00,16246.95,16252.484999999997,16238.711,16242.51
2021-11-18 14:30:00+00:00,16241.701000000001,16245.070000000002,16221.601,16233.495
2021-11-18 15:00:00+00:00,16232.751,16237.564999999999,16191.505,16202.495
2021-11-18 15:30:00+00:00,16201.721,16225.55,16192.5,16218.5
2021-11-18 16:00:00+00:00,16217.751,16226.525,16207.5,16218.495
2021-11-18 16:30:00+00:00,16217.711,16243.02,16215.484999999997,16237.5
2021-11-18 17:00:00+00:00,16238.005,16254.51,16238.0,16253.570000000002
2021-11-18 17:30:00+00:00,16254.49,16254.575,16233.505,16237.505
2021-11-18 18:00:00+00:00,16237.173999999999,16242.559999999998,16232.495,16236.505
2021-11-18 18:30:00+00:00,16236.253999999997,16238.575,16232.5,16236.059999999998
2021-11-18 19:00:00+00:00,16235.759000000002,16238.559999999998,16222.49,16224.495
2021-11-18 19:30:00+00:00,16225.005,16238.575,16220.440000000002,16237.52
2021-11-18 20:00:00+00:00,16238.0,16239.02,16233.425,16237.49
2021-11-18 20:30:00+00:00,16236.989000000001,16245.559999999998,16234.945000000002,16244.484999999997
2021-11-18 21:00:00+00:00,16244.198999999999,16253.175,16232.38,16234.170000000002
2021-11-18 23:00:00+00:00,16256.62,16261.815000000002,16247.079999999998,16257.575
2021-11-18 23:30:00+00:00,16258.279999999999,16260.970000000001,16251.4,16253.945000000002
2021-11-19 00:00:00+00:00,16253.553999999998,16262.615000000002,16245.0,16249.525
2021-11-19 00:30:00+00:00,16250.075,16253.01,16247.45,16250.064999999999
2021-11-19 01:00:00+00:00,16249.729000000001,16251.064999999999,16242.505,16248.985
2021-11-19 01:30:00+00:00,16248.519,16273.570000000002,16245.48,16265.98
2021-11-19 02:00:00+00:00,16266.234,16273.575,16261.49,16272.484999999997
2021-11-19 02:30:00+00:00,16272.223999999998,16282.49,16271.495,16279.505
2021-11-19 03:00:00+00:00,16280.0,16287.0,16276.515,16281.984999999997
2021-11-19 03:30:00+00:00,16281.569,16281.984999999997,16273.525,16280.005
2021-11-19 04:00:00+00:00,16279.759,16284.51,16278.99,16282.940000000002
2021-11-19 04:30:00+00:00,16283.505,16285.02,16281.440000000002,16282.985
2021-11-19 05:00:00+00:00,16282.749,16286.559999999998,16280.49,16285.0
2021-11-19 05:30:00+00:00,16285.505,16294.55,16283.505,16285.98
2021-11-19 06:00:00+00:00,16286.575,16295.51,16285.01,16294.5
2021-11-19 06:30:00+00:00,16294.234,16299.52,16294.0,16297.51
2021-11-19 07:00:00+00:00,16299.0,16299.0,16282.05,16286.0
2021-11-19 07:30:00+00:00,16286.434000000003,16292.515,16267.0,16267.0
2021-11-19 08:00:00+00:00,16267.679,16283.01,16244.505,16276.935000000001
2021-11-19 08:30:00+00:00,16276.601,16282.564999999999,16252.484999999997,16265.52
2021-11-19 09:00:00+00:00,16264.721,16269.5,16222.005,16222.005
2021-11-19 09:30:00+00:00,16222.52,16234.5,16177.559999999998,16203.45
2021-11-19 10:00:00+00:00,16204.009999999998,16217.559999999998,16145.929999999998,16206.559999999998
2021-11-19 10:30:00+00:00,16206.95,16233.55,16189.505,16227.231
2021-11-19 11:00:00+00:00,16226.995,16237.0,16192.429999999998,16200.05
2021-11-19 11:30:00+00:00,16200.495,16205.55,16165.5,16169.5
2021-11-19 12:00:00+00:00,16170.440000000002,16199.515000000003,16156.429999999998,16163.440000000002
2021-11-19 12:30:00+00:00,16163.221,16182.51,16122.99,16140.495
2021-11-19 13:00:00+00:00,16140.490000000002,16142.51,16092.425,16136.0
2021-11-19 13:30:00+00:00,16136.279,16156.515000000003,16106.495,16138.445000000002
2021-11-19 14:00:00+00:00,16137.703,16200.005,16114.495,16170.995
2021-11-19 14:30:00+00:00,16171.769,16200.005,16140.0,16196.99
2021-11-19 15:00:00+00:00,16196.279,16197.995,16128.495,16129.015
2021-11-19 15:30:00+00:00,16128.490000000002,16169.559999999998,16124.48,16142.564999999999
2021-11-19 16:00:00+00:00,16142.779,16181.559999999998,16136.485,16176.515000000003
2021-11-19 16:30:00+00:00,16177.51,16181.505,16153.48,16158.49
2021-11-19 17:00:00+00:00,16158.926000000001,16163.025,16153.425,16161.5
2021-11-19 17:30:00+00:00,16161.766,16174.55,16161.52,16167.525
2021-11-19 18:00:00+00:00,16167.735999999999,16171.559999999998,16142.95,16143.505
2021-11-19 18:30:00+00:00,16142.515,16149.554999999998,16129.484999999997,16146.0
2021-11-19 19:00:00+00:00,16146.176000000001,16150.064999999999,16137.5,16137.509999999998
2021-11-19 19:30:00+00:00,16137.756,16143.495,16130.429999999998,16132.509999999998
2021-11-19 20:00:00+00:00,16131.495,16135.554999999998,16121.440000000002,16127.49
2021-11-19 20:30:00+00:00,16126.5,16149.515,16125.490000000002,16149.02
2021-11-19 21:00:00+00:00,16149.005,16157.62,16147.235,16154.995
2021-11-22 00:00:00+00:00,16146.420999999998,16165.210000000001,16139.829000000002,16162.505
2021-11-22 00:30:00+00:00,16162.02,16169.564999999999,16154.995,16168.945000000002
2021-11-22 01:00:00+00:00,16169.485,16185.0,16169.0,16183.01
2021-11-22 01:30:00+00:00,16183.246000000003,16188.575,16175.940000000002,16183.0
2021-11-22 02:00:00+00:00,16183.256,16191.495,16183.256,16189.984999999997
2021-11-22 02:30:00+00:00,16189.48,16193.575,16184.435000000001,16189.564999999999
2021-11-22 03:00:00+00:00,16189.005,16192.0,16185.505,16192.0
2021-11-22 03:30:00+00:00,16191.505,16193.005,16188.975,16190.064999999999
2021-11-22 04:00:00+00:00,16190.326000000001,16202.5,16189.484999999997,16198.995
2021-11-22 04:30:00+00:00,16198.5,16200.505,16190.95,16190.95
2021-11-22 05:00:00+00:00,16190.505,16191.49,16183.984999999997,16188.070000000002
2021-11-22 05:30:00+00:00,16187.485,16193.01,16186.99,16191.485
2021-11-22 06:00:00+00:00,16191.005,16201.575,16189.945000000002,16201.02
2021-11-22 06:30:00+00:00,16200.435000000001,16200.49,16185.0,16186.0
2021-11-22 07:00:00+00:00,16188.260999999999,16199.99,16169.495,16186.02
2021-11-22 07:30:00+00:00,16185.475,16200.064999999999,16179.99,16180.435000000001
2021-11-22 08:00:00+00:00,16181.399,16203.490000000002,16160.429999999998,16181.01
2021-11-22 08:30:00+00:00,16180.435000000001,16189.55,16165.925,16172.005
2021-11-22 09:00:00+00:00,16172.269,16185.495,16164.425,16171.005
2021-11-22 09:30:00+00:00,16170.51,16174.485,16145.5,16160.429999999998
2021-11-22 10:00:00+00:00,16161.279,16173.575,16155.475,16164.51
2021-11-22 10:30:00+00:00,16163.49,16179.570000000002,16158.485,16176.49
2021-11-22 11:00:00+00:00,16176.064999999999,16179.554999999998,16167.945000000002,16169.505
2021-11-22 11:30:00+00:00,16169.015000000003,16181.52,16132.5,16149.505
2021-11-22 12:00:00+00:00,16148.789,16164.51,16127.945000000002,16133.02
2021-11-22 12:30:00+00:00,16133.279,16151.289,16130.48,16133.5
2021-11-22 13:00:00+00:00,16132.564999999999,16137.279,16086.515,16112.425
2021-11-22 13:30:00+00:00,16112.0,16126.289,16095.429999999998,16110.505
2021-11-22 14:00:00+00:00,16111.279,16148.570000000002,16109.48,16143.935000000001
2021-11-22 14:30:00+00:00,16143.495,16150.5,16123.48,16145.48
2021-11-22 15:00:00+00:00,16146.249,16175.5,16145.484999999997,16161.559999999998
2021-11-22 15:30:00+00:00,16162.259,16171.575,16158.935000000001,16164.495
2021-11-22 16:00:00+00:00,16164.789,16166.51,16129.495,16133.0
2021-11-22 16:30:00+00:00,16132.525,16139.495,16057.984999999997,16083.235999999999
2021-11-22 17:00:00+00:00,16083.554999999998,16100.564999999999,16074.484999999997,16098.570000000002
2021-11-22 17:30:00+00:00,16098.054999999998,16120.505,16097.99,16104.49
2021-11-22 18:00:00+00:00,16103.505,16114.575,16097.984999999997,16111.02
2021-11-22 18:30:00+00:00,16111.270999999999,16114.52,16106.429999999998,16109.52
2021-11-22 19:00:00+00:00,16110.001,16121.570000000002,16108.429999999998,16116.98
2021-11-22 19:30:00+00:00,16117.251,16141.005,16116.440000000002,16137.495
2021-11-22 20:00:00+00:00,16137.005,16148.515000000003,16121.425,16122.559999999998
2021-11-22 20:30:00+00:00,16122.005,16127.495,16070.985,16072.48
2021-11-22 21:00:00+00:00,16072.575,16090.175,16055.3,16089.2
2021-11-22 23:00:00+00:00,16090.105,16101.3,16089.684999999998,16096.45
2021-11-22 23:30:00+00:00,16096.751,16097.41,16087.995,16092.195000000002
2021-11-23 00:00:00+00:00,16092.635999999999,16094.99,16078.995,16094.059999999998
2021-11-23 00:30:00+00:00,16093.559999999998,16096.515,16087.99,16092.025
2021-11-23 01:00:00+00:00,16090.984999999997,16095.51,16076.985,16082.0
2021-11-23 01:30:00+00:00,16082.326000000001,16092.490000000002,16075.435000000001,16078.99
2021-11-23 02:00:00+00:00,16079.476,16085.01,16066.505,16068.995
2021-11-23 02:30:00+00:00,16068.495,16079.015,16058.005,16076.02
2021-11-23 03:00:00+00:00,16076.515999999998,16089.064999999999,16075.0,16083.5
2021-11-23 03:30:00+00:00,16082.45,16083.054999999998,16075.484999999997,16080.025
2021-11-23 04:00:00+00:00,16080.741,16087.485,16079.925,16080.059999999998
2021-11-23 04:30:00+00:00,16079.55,16086.484999999997,16077.985,16083.0
2021-11-23 05:00:00+00:00,16083.260999999999,16086.059999999998,16070.5,16070.984999999997
2021-11-23 05:30:00+00:00,16071.266,16071.48,16044.02,16052.009999999998
2021-11-23 06:00:00+00:00,16052.176000000001,16062.51,16042.485,16044.064999999999
2021-11-23 06:30:00+00:00,16044.321,16056.49,16040.99,16053.990000000002
2021-11-23 07:00:00+00:00,16055.326000000001,16060.505,15991.52,15998.0
2021-11-23 07:30:00+00:00,15998.55,16013.99,15948.5,15992.995
2021-11-23 08:00:00+00:00,15993.769,16013.075,15900.009999999998,15901.925
2021-11-23 08:30:00+00:00,15900.995,15918.495,15879.001,15915.0
2021-11-23 09:00:00+00:00,15915.779,15932.509999999998,15864.495,15917.5
2021-11-23 09:30:00+00:00,15917.789,15949.575,15905.484999999997,15942.495
2021-11-23 10:00:00+00:00,15943.495,15984.495,15943.440000000002,15974.55
2021-11-23 10:30:00+00:00,15973.984999999997,15988.505,15960.509999999998,15966.99
2021-11-23 11:00:00+00:00,15966.5,15979.5,15923.425,15952.945000000002
2021-11-23 11:30:00+00:00,15953.399,16005.935000000001,15949.48,15999.505
2021-11-23 12:00:00+00:00,16001.495,16030.505,15995.445000000002,16010.505
2021-11-23 12:30:00+00:00,16010.0,16025.259,16002.48,16019.025
2021-11-23 13:00:00+00:00,16019.399,16028.55,16003.009999999998,16007.49
2021-11-23 13:30:00+00:00,16007.749,16009.0,15991.435000000001,16000.490000000002
2021-11-23 14:00:00+00:00,16000.769,16015.554999999998,15991.45,15994.51
2021-11-23 14:30:00+00:00,15995.269,16056.51,15978.484999999997,16034.52
2021-11-23 15:00:00+00:00,16034.515000000003,16041.49,15975.48,15983.490000000002
2021-11-23 15:30:00+00:00,15983.242999999999,15983.242999999999,15921.445000000002,15922.49
2021-11-23 16:00:00+00:00,15923.249,15973.52,15918.435000000001,15964.505
2021-11-23 16:30:00+00:00,15965.51,15979.51,15918.495,15940.505
2021-11-23 17:00:00+00:00,15940.731,15959.5,15925.440000000002,15953.99
2021-11-23 17:30:00+00:00,15952.985,15960.5,15932.995,15935.49
2021-11-23 18:00:00+00:00,15935.951000000001,15945.02,15928.429999999998,15930.55
2021-11-23 18:30:00+00:00,15930.731,15962.495,15923.51,15952.51
2021-11-23 19:00:00+00:00,15951.995,15960.070000000002,15934.48,15942.484999999997
2021-11-23 19:30:00+00:00,15942.505,15974.009999999998,15932.440000000002,15971.015
2021-11-23 20:00:00+00:00,15971.251,15971.570000000002,15959.505,15960.575
2021-11-23 20:30:00+00:00,15960.260999999999,16002.55,15960.015,15997.484999999997
2021-11-23 21:00:00+00:00,15997.49,15997.49,15970.095000000001,15970.170000000002
2021-11-23 23:00:00+00:00,15994.11,15997.345000000001,15981.935000000001,15993.875
2021-11-23 23:30:00+00:00,15994.346000000001,15994.804999999998,15977.685000000001,15981.035
2021-11-24 00:00:00+00:00,15981.341,16004.99,15981.105,15998.01
2021-11-24 00:30:00+00:00,15997.751,15998.564999999999,15990.929999999998,15994.940000000002
2021-11-24 01:00:00+00:00,15995.496000000003,16004.935000000001,15991.49,16001.929999999998
2021-11-24 01:30:00+00:00,16002.266,16005.005,15993.49,15994.52
2021-11-24 02:00:00+00:00,15994.02,15994.02,15978.925,15982.495
2021-11-24 02:30:00+00:00,15982.241,15987.55,15979.940000000002,15983.515000000003
2021-11-24 03:00:00+00:00,15983.064999999999,15983.064999999999,15963.995,15979.484999999997
2021-11-24 03:30:00+00:00,15979.756,15981.484999999997,15973.01,15973.01
2021-11-24 04:00:00+00:00,15973.256,15974.5,15950.435000000001,15952.564999999999
2021-11-24 04:30:00+00:00,15952.251,15961.570000000002,15950.49,15955.975
2021-11-24 05:00:00+00:00,15955.505,15969.495,15955.495,15968.02
2021-11-24 05:30:00+00:00,15968.0,16004.48,15968.0,16000.5
2021-11-24 06:00:00+00:00,16000.015000000003,16010.01,15995.985,16001.52
2021-11-24 06:30:00+00:00,16000.5,16014.925,15998.429999999998,16006.02
2021-11-24 07:00:00+00:00,16008.006,16027.525,15995.5,16000.984999999997
2021-11-24 07:30:00+00:00,16001.246000000003,16001.564999999999,15963.5,15971.995
2021-11-24 08:00:00+00:00,15972.01,15975.975,15931.435000000001,15954.015
2021-11-24 08:30:00+00:00,15954.259,15966.575,15932.45,15949.485
2021-11-24 09:00:00+00:00,15948.510999999999,15952.075,15911.49,15925.51
2021-11-24 09:30:00+00:00,15924.703,15925.435000000001,15852.425,15873.505
2021-11-24 10:00:00+00:00,15872.5,15893.554999999998,15862.005,15870.0
2021-11-24 10:30:00+00:00,15870.269,15877.51,15810.425,15811.52
2021-11-24 11:00:00+00:00,15812.279,15841.515000000003,15785.984999999997,15834.990000000002
2021-11-24 11:30:00+00:00,15833.995,15866.5,15827.445000000002,15843.485
2021-11-24 12:00:00+00:00,15843.52,15869.485,15820.49,15828.995
2021-11-24 12:30:00+00:00,15829.779,15840.054999999998,15808.48,15816.0
2021-11-24 13:00:00+00:00,15816.289,15836.505,15811.495,15819.51
2021-11-24 13:30:00+00:00,15819.515000000003,15828.564999999999,15752.515000000003,15763.505
2021-11-24 14:00:00+00:00,15764.249,15781.289,15738.48,15757.399
2021-11-24 14:30:00+00:00,15757.5,15805.015000000003,15744.515000000003,15803.5
2021-11-24 15:00:00+00:00,15803.103,15858.509999999998,15791.015000000003,15852.015000000003
2021-11-24 15:30:00+00:00,15852.279,15877.98,15841.429999999998,15870.495
2021-11-24 16:00:00+00:00,15870.55,15901.525,15857.440000000002,15897.575
2021-11-24 16:30:00+00:00,15898.495,15907.445000000002,15868.429999999998,15874.064999999999
2021-11-24 17:00:00+00:00,15873.515,15886.515000000003,15871.425,15877.495
2021-11-24 17:30:00+00:00,15876.98,15892.51,15876.425,15888.515000000003
2021-11-24 18:00:00+00:00,15888.01,15895.51,15885.429999999998,15891.995
2021-11-24 18:30:00+00:00,15892.251,15894.559999999998,15881.445000000002,15882.005
2021-11-24 19:00:00+00:00,15882.321,15894.570000000002,15868.425,15871.5
2021-11-24 19:30:00+00:00,15871.990999999998,15891.515,15871.95,15888.495
2021-11-24 20:00:00+00:00,15888.429999999998,15901.945000000002,15881.98,15898.515000000003
2021-11-24 20:30:00+00:00,15898.751,15906.515,15893.48,15904.0
2021-11-24 21:00:00+00:00,15903.975,15909.65,15897.704999999998,15907.9
2021-11-24 23:00:00+00:00,15909.61,15918.015,15909.61,15915.52
2021-11-24 23:30:00+00:00,15915.881,15918.009999999998,15910.329999999998,15914.7
2021-11-25 00:00:00+00:00,15913.85,15922.51,15907.559999999998,15919.505
2021-11-25 00:30:00+00:00,15919.746000000003,15943.940000000002,15919.746000000003,15940.995
2021-11-25 01:00:00+00:00,15940.51,15946.025,15934.995,15936.0
2021-11-25 01:30:00+00:00,15936.0,15938.985,15924.495,15925.95
2021-11-25 02:00:00+00:00,15926.256,15934.505,15926.256,15934.505
2021-11-25 02:30:00+00:00,15934.179,15938.070000000002,15931.925,15938.070000000002
2021-11-25 03:00:00+00:00,15938.515000000003,15948.48,15936.02,15947.98
2021-11-25 03:30:00+00:00,15947.494,15957.559999999998,15946.995,15952.51
2021-11-25 04:00:00+00:00,15952.990000000002,15957.02,15948.55,15949.495
2021-11-25 04:30:00+00:00,15949.98,15952.05,15946.48,15949.995
2021-11-25 05:00:00+00:00,15950.505,15957.575,15948.435000000001,15956.984999999997
2021-11-25 05:30:00+00:00,15956.809,15958.054999999998,15953.025,15957.509999999998
2021-11-25 06:00:00+00:00,15957.746000000003,15959.975,15949.49,15950.929999999998
2021-11-25 06:30:00+00:00,15951.301000000001,15966.505,15951.301000000001,15960.51
2021-11-25 07:00:00+00:00,15961.821,15965.940000000002,15926.45,15931.01
2021-11-25 07:30:00+00:00,15931.48,15939.564999999999,15922.984999999997,15927.005
2021-11-25 08:00:00+00:00,15928.99,15958.5,15905.490000000002,15929.495
2021-11-25 08:30:00+00:00,15929.505,15943.505,15920.425,15940.975
2021-11-25 09:00:00+00:00,15940.723000000002,15947.570000000002,15929.435000000001,15936.495
2021-11-25 09:30:00+00:00,15936.769,15948.570000000002,15921.475,15927.505
2021-11-25 10:00:00+00:00,15928.289,15933.289,15901.425,15908.009999999998
2021-11-25 10:30:00+00:00,15907.445000000002,15914.054999999998,15894.701000000001,15904.995
2021-11-25 11:00:00+00:00,15905.070000000002,15910.575,15883.484999999997,15898.05
2021-11-25 11:30:00+00:00,15897.713,15907.515000000003,15888.429999999998,15905.435000000001
2021-11-25 12:00:00+00:00,15905.49,15906.51,15893.425,15896.5
2021-11-25 12:30:00+00:00,15896.070000000002,15901.5,15886.425,15891.52
2021-11-25 13:00:00+00:00,15891.48,15897.559999999998,15886.440000000002,15893.564999999999
2021-11-25 13:30:00+00:00,15893.5,15896.429999999998,15869.429999999998,15875.51
2021-11-25 14:00:00+00:00,15874.713,15880.259,15863.485,15879.505
2021-11-25 14:30:00+00:00,15878.701000000001,15914.075,15876.425,15913.505
2021-11-25 15:00:00+00:00,15913.5,15924.570000000002,15903.495,15915.51
2021-11-25 15:30:00+00:00,15915.776999999998,15923.505,15911.751,15916.279
2021-11-25 16:00:00+00:00,15916.505,15917.279,15903.445000000002,15914.0
2021-11-25 16:30:00+00:00,15914.267000000002,15923.554999999998,15904.495,15923.0
2021-11-25 17:00:00+00:00,15923.266,15927.559999999998,15915.445000000002,15916.945000000002
2021-11-25 17:30:00+00:00,15917.196000000002,15917.559999999998,15907.45,15908.984999999997
2021-11-25 18:00:00+00:00,15909.246,15914.48,15908.445000000002,15913.484999999997
2021-11-25 18:30:00+00:00,15913.751,15918.070000000002,15913.570000000002,15913.570000000002
2021-11-25 19:00:00+00:00,15913.826000000001,15913.984999999997,15907.005,15912.515000000003
2021-11-25 19:30:00+00:00,15912.51,15913.48,15909.495,15909.495
2021-11-25 20:00:00+00:00,15909.735999999999,15914.525,15903.515,15907.059999999998
2021-11-25 20:30:00+00:00,15907.191,15928.435000000001,15904.495,15925.505
2021-11-25 21:00:00+00:00,15924.749,15924.749,15924.005,15924.005
2021-11-25 23:00:00+00:00,15912.059,15912.65,15877.420000000002,15882.995
2021-11-25 23:30:00+00:00,15883.405999999999,15885.505,15848.495,15854.39
2021-11-26 00:00:00+00:00,15853.954000000002,15854.404999999999,15799.0,15802.429999999998
2021-11-26 00:30:00+00:00,15802.173999999999,15814.009999999998,15773.484999999997,15788.51
2021-11-26 01:00:00+00:00,15790.069,15796.509999999998,15742.440000000002,15771.5
2021-11-26 01:30:00+00:00,15771.771000000002,15772.570000000002,15705.0,15725.525
2021-11-26 02:00:00+00:00,15725.754,15736.495,15657.495,15672.51
2021-11-26 02:30:00+00:00,15673.054999999998,15686.495,15660.935000000001,15666.554999999998
2021-11-26 03:00:00+00:00,15667.510999999999,15679.985,15658.429999999998,15664.515000000003
2021-11-26 03:30:00+00:00,15664.326000000001,15665.435000000001,15625.48,15633.495
2021-11-26 04:00:00+00:00,15633.739000000001,15640.55,15606.945000000002,15624.0
2021-11-26 04:30:00+00:00,15623.753999999997,15641.554999999998,15622.005,15627.0
2021-11-26 05:00:00+00:00,15627.256,15627.95,15600.51,15601.0
2021-11-26 05:30:00+00:00,15601.246000000003,15651.005,15600.575,15648.5
2021-11-26 06:00:00+00:00,15647.999,15647.999,15616.45,15625.505
2021-11-26 06:30:00+00:00,15625.741,15626.49,15581.505,15590.55
2021-11-26 07:00:00+00:00,15590.004,15590.004,15470.984999999997,15482.984999999997
2021-11-26 07:30:00+00:00,15483.0,15532.025,15453.475,15498.711
2021-11-26 08:00:00+00:00,15501.51,15501.51,15299.45,15395.0
2021-11-26 08:30:00+00:00,15394.485,15494.515,15338.798999999999,15480.015000000003
2021-11-26 09:00:00+00:00,15481.0,15486.005,15418.0,15428.005
2021-11-26 09:30:00+00:00,15426.935000000001,15491.99,15412.48,15456.0
2021-11-26 10:00:00+00:00,15456.769,15541.005,15449.985,15525.55
2021-11-26 10:30:00+00:00,15524.505,15526.475,15417.99,15458.298999999999
2021-11-26 11:00:00+00:00,15458.505,15530.55,15448.485,15491.984999999997
2021-11-26 11:30:00+00:00,15490.929999999998,15499.009999999998,15456.98,15463.02
2021-11-26 12:00:00+00:00,15463.289,15513.484999999997,15455.005,15476.484999999997
2021-11-26 12:30:00+00:00,15476.769,15498.064999999999,15433.98,15439.059999999998
2021-11-26 13:00:00+00:00,15439.769,15461.984999999997,15427.425,15431.0
2021-11-26 13:30:00+00:00,15431.399,15439.070000000002,15410.525,15426.98
2021-11-26 14:00:00+00:00,15427.399,15453.52,15418.005,15434.985
2021-11-26 14:30:00+00:00,15434.101,15467.505,15379.995,15394.495
2021-11-26 15:00:00+00:00,15393.779,15404.575,15347.495,15353.99
2021-11-26 15:30:00+00:00,15353.741,15376.5,15337.435000000001,15358.49
2021-11-26 16:00:00+00:00,15357.751,15357.751,15239.975,15247.064999999999
2021-11-26 16:30:00+00:00,15245.490000000002,15299.929999999998,15225.5,15256.99
2021-11-26 17:00:00+00:00,15257.246000000003,15287.005,15246.0,15283.05
2021-11-26 17:30:00+00:00,15282.798999999999,15299.515000000003,15231.005,15268.0
2021-11-26 18:00:00+00:00,15268.0,15275.995,15184.02,15195.515000000003
2021-11-26 18:30:00+00:00,15195.009,15196.0,15160.005,15177.5
2021-11-26 19:00:00+00:00,15177.173999999999,15177.173999999999,15082.01,15089.515
2021-11-26 19:30:00+00:00,15089.239000000001,15124.075,15080.515000000003,15092.509999999998
2021-11-26 20:00:00+00:00,15090.5,15090.5,15025.5,15027.995
2021-11-26 20:30:00+00:00,15028.515000000003,15128.49,15028.515000000003,15118.925
2021-11-26 21:00:00+00:00,15119.0,15119.02,15119.0,15119.0
2021-11-29 00:00:00+00:00,15319.094000000001,15447.059999999998,15317.420000000002,15375.98
2021-11-29 00:30:00+00:00,15374.769,15419.48,15359.425,15406.495
2021-11-29 01:00:00+00:00,15406.249,15425.995,15379.5,15394.02
2021-11-29 01:30:00+00:00,15393.249,15450.990000000002,15375.01,15445.005
2021-11-29 02:00:00+00:00,15444.494,15462.5,15432.984999999997,15444.945000000002
2021-11-29 02:30:00+00:00,15446.445000000002,15462.075,15424.01,15427.0
2021-11-29 03:00:00+00:00,15427.301000000001,15434.059999999998,15408.984999999997,15425.51
2021-11-29 03:30:00+00:00,15425.223999999998,15441.51,15422.929999999998,15431.495
2021-11-29 04:00:00+00:00,15431.929999999998,15435.95,15423.484999999997,15430.48
2021-11-29 04:30:00+00:00,15430.995,15431.51,15382.929999999998,15390.940000000002
2021-11-29 05:00:00+00:00,15391.02,15395.059999999998,15329.005,15329.429999999998
2021-11-29 05:30:00+00:00,15329.005,15393.005,15328.98,15363.99
2021-11-29 06:00:00+00:00,15364.981,15391.995,15345.98,15388.49
2021-11-29 06:30:00+00:00,15389.501,15460.505,15380.505,15457.005
2021-11-29 07:00:00+00:00,15455.731,15464.02,15358.945000000002,15423.990000000002
2021-11-29 07:30:00+00:00,15422.984999999997,15454.059999999998,15407.985,15407.985
2021-11-29 08:00:00+00:00,15406.995,15442.070000000002,15338.425,15341.995
2021-11-29 08:30:00+00:00,15342.495,15394.5,15270.0,15305.0
2021-11-29 09:00:00+00:00,15304.0,15386.995,15293.5,15373.99
2021-11-29 09:30:00+00:00,15374.779,15375.0,15296.49,15299.525
2021-11-29 10:00:00+00:00,15300.01,15356.059999999998,15293.55,15350.005
2021-11-29 10:30:00+00:00,15349.232999999998,15382.48,15327.99,15363.95
2021-11-29 11:00:00+00:00,15363.025,15396.054999999998,15356.435000000001,15378.015000000003
2021-11-29 11:30:00+00:00,15378.399,15386.45,15349.440000000002,15349.440000000002
2021-11-29 12:00:00+00:00,15350.289,15352.05,15318.48,15328.059999999998
2021-11-29 12:30:00+00:00,15327.010999999999,15375.399,15326.48,15367.52
2021-11-29 13:00:00+00:00,15367.075,15388.945000000002,15351.440000000002,15369.01
2021-11-29 13:30:00+00:00,15369.779,15390.01,15351.995,15379.48
2021-11-29 14:00:00+00:00,15379.0,15405.02,15378.005,15394.5
2021-11-29 14:30:00+00:00,15394.45,15399.51,15326.505,15373.925
2021-11-29 15:00:00+00:00,15373.064999999999,15386.249,15320.005,15325.995
2021-11-29 15:30:00+00:00,15326.064999999999,15333.570000000002,15236.945000000002,15271.005
2021-11-29 16:00:00+00:00,15270.48,15311.515000000003,15264.01,15279.070000000002
2021-11-29 16:30:00+00:00,15278.445000000002,15302.554999999998,15250.985,15300.05
2021-11-29 17:00:00+00:00,15300.015000000003,15352.554999999998,15298.495,15350.070000000002
2021-11-29 17:30:00+00:00,15350.251,15369.48,15347.51,15362.525
2021-11-29 18:00:00+00:00,15361.99,15376.559999999998,15350.48,15356.490000000002
2021-11-29 18:30:00+00:00,15355.515,15362.509999999998,15348.425,15360.015000000003
2021-11-29 19:00:00+00:00,15359.99,15361.440000000002,15347.440000000002,15348.52
2021-11-29 19:30:00+00:00,15349.490000000002,15349.564999999999,15334.990000000002,15343.55
2021-11-29 20:00:00+00:00,15343.52,15357.564999999999,15332.445000000002,15341.5
2021-11-29 20:30:00+00:00,15341.751,15348.55,15322.495,15323.01
2021-11-29 21:00:00+00:00,15323.015,15346.095000000001,15323.009999999998,15336.2
2021-11-29 23:00:00+00:00,15352.190000000002,15382.704999999998,15350.490000000002,15376.170000000002
2021-11-29 23:30:00+00:00,15376.159999999998,15382.7,15370.335000000001,15376.159999999998
2021-11-30 00:00:00+00:00,15376.075,15405.064999999999,15365.390000000003,15403.995
2021-11-30 00:30:00+00:00,15404.251,15430.01,15400.490000000002,15424.005
2021-11-30 01:00:00+00:00,15424.260999999999,15426.570000000002,15400.940000000002,15420.445000000002
2021-11-30 01:30:00+00:00,15420.075,15422.0,15399.95,15399.995
2021-11-30 02:00:00+00:00,15399.770999999999,15404.495,15361.935000000001,15370.0
2021-11-30 02:30:00+00:00,15369.741,15371.495,15352.925,15369.55
2021-11-30 03:00:00+00:00,15369.810999999998,15371.570000000002,15328.015000000003,15329.009999999998
2021-11-30 03:30:00+00:00,15329.005,15351.995,15329.005,15349.5
2021-11-30 04:00:00+00:00,15349.746000000003,15356.064999999999,15334.940000000002,15338.509999999998
2021-11-30 04:30:00+00:00,15338.756,15341.05,15326.48,15334.48
2021-11-30 05:00:00+00:00,15333.95,15334.45,15116.505,15175.070000000002
2021-11-30 05:30:00+00:00,15174.484999999997,15182.5,15015.925,15037.509999999998
2021-11-30 06:00:00+00:00,15037.676000000001,15053.005,14917.5,15046.570000000002
2021-11-30 06:30:00+00:00,15044.495,15086.51,15025.5,15063.059999999998
2021-11-30 07:00:00+00:00,15064.510999999999,15139.984999999997,15028.005,15104.005
2021-11-30 07:30:00+00:00,15104.556,15118.015,15032.48,15118.015
2021-11-30 08:00:00+00:00,15123.98,15156.0,15073.925,15154.05
2021-11-30 08:30:00+00:00,15153.005,15158.5,15058.515000000003,15093.399
2021-11-30 09:00:00+00:00,15093.52,15094.075,15013.005,15030.495
2021-11-30 09:30:00+00:00,15030.495,15086.749,15016.939999999999,15085.015000000003
2021-11-30 10:00:00+00:00,15084.01,15101.015000000003,15042.99,15061.0
2021-11-30 10:30:00+00:00,15060.505,15096.015000000003,15028.02,15068.505
2021-11-30 11:00:00+00:00,15068.798999999999,15082.995,15022.0,15055.005
2021-11-30 11:30:00+00:00,15055.789,15087.5,15045.484999999997,15080.0
2021-11-30 12:00:00+00:00,15078.064999999999,15142.005,15075.48,15137.564999999999
2021-11-30 12:30:00+00:00,15136.495,15138.505,15091.509999999998,15118.0
2021-11-30 13:00:00+00:00,15117.603,15142.02,15099.99,15120.940000000002
2021-11-30 13:30:00+00:00,15120.505,15224.005,15097.925,15218.99
2021-11-30 14:00:00+00:00,15218.49,15246.779,15175.990000000002,15226.289
2021-11-30 14:30:00+00:00,15226.515000000003,15253.515000000003,15195.995,15216.929999999998
2021-11-30 15:00:00+00:00,15215.98,15265.515000000003,15200.484999999997,15234.99
2021-11-30 15:30:00+00:00,15233.98,15282.759,15148.99,15149.5
2021-11-30 16:00:00+00:00,15149.564999999999,15230.5,15135.995,15142.435000000001
2021-11-30 16:30:00+00:00,15137.0,15159.995,15034.505,15074.995
2021-11-30 17:00:00+00:00,15074.559999999998,15098.495,15050.505,15094.02
2021-11-30 17:30:00+00:00,15092.490000000002,15106.505,15079.445000000002,15087.484999999997
2021-11-30 18:00:00+00:00,15088.235999999999,15092.525,15063.925,15087.5
2021-11-30 18:30:00+00:00,15088.016,15138.059999999998,15085.495,15137.52
2021-11-30 19:00:00+00:00,15136.484999999997,15139.0,15113.495,15114.49
2021-11-30 19:30:00+00:00,15112.490000000002,15125.0,15084.435000000001,15100.0
2021-11-30 20:00:00+00:00,15099.485,15116.515000000003,15091.985,15095.52
2021-11-30 20:30:00+00:00,15095.51,15131.49,15083.49,15117.575
2021-11-30 21:00:00+00:00,15117.5,15183.41,15116.01,15163.2
2021-11-30 23:00:00+00:00,15192.6,15217.954999999998,15191.715000000002,15197.210000000001
2021-11-30 23:30:00+00:00,15197.996,15210.15,15173.075,15189.145
